cpu,mem,I,O,Environment,Api
104.89,0.78,13.5,0.004,Docker,systemd
106.26,1.83,15.8,18.3,Docker,systemd
105.38,1.86,17.9,56.5,Docker,systemd
108.3,2.01,18.1,68.1,Docker,systemd
105.94,2.22,18.5,68.1,Docker,systemd
105.3,2.53,18.5,68.1,Docker,systemd
105.89,2.73,18.5,78.0,Docker,systemd
106.98,2.78,18.6,83.2,Docker,systemd
104.78,3.16,18.6,88.1,Docker,systemd
105.32,3.8,20.0,95.5,Docker,systemd
105.18,3.92,20.2,112.0,Docker,systemd
106.88,3.42,20.2,118.0,Docker,systemd
105.08,3.66,20.2,119.0,Docker,systemd
105.18,3.3,20.3,128.0,Docker,systemd
99.15,3.9,24.3,159.0,Docker,systemd
104.44,3.32,26.1,160.0,Docker,systemd
105.01,3.63,26.1,160.0,Docker,systemd
165.84,3.81,26.1,187.0,Docker,systemd
105.85,3.96,26.1,187.0,Docker,systemd
105.94,4.14,26.1,196.0,Docker,systemd
105.44,4.52,26.1,196.0,Docker,systemd
107.17,4.74,26.1,208.0,Docker,systemd
106.37,4.85,26.1,208.0,Docker,systemd
105.41,4.62,26.1,209.0,Docker,systemd
105.83,4.87,26.1,209.0,Docker,systemd
105.58,5.0,26.1,209.0,Docker,systemd
105.68,4.14,26.1,219.0,Docker,systemd
103.66,4.32,26.1,219.0,Docker,systemd
105.07,4.56,26.1,219.0,Docker,systemd
106.2,4.59,26.1,226.0,Docker,systemd
104.65,4.84,26.1,226.0,Docker,systemd
104.12,5.07,26.1,226.0,Docker,systemd
105.43,5.31,26.1,226.0,Docker,systemd
105.33,5.22,26.1,235.0,Docker,systemd
106.26,5.01,26.1,230.0,Docker,systemd
105.31,5.13,26.1,238.0,Docker,systemd
102.41,5.37,26.1,242.0,Docker,systemd
104.98,5.32,26.1,243.0,Docker,systemd
104.9,5.04,26.1,247.0,Docker,systemd
101.67,4.81,26.1,251.0,Docker,systemd
105.27,4.96,26.2,253.0,Docker,systemd
105.4,5.14,26.2,258.0,Docker,systemd
104.94,5.42,26.2,261.0,Docker,systemd
105.15,5.6,26.2,266.0,Docker,systemd
102.28,5.11,26.2,271.0,Docker,systemd
104.4,5.22,26.2,271.0,Docker,systemd
106.0,5.47,26.2,275.0,Docker,systemd
104.06,5.66,27.4,275.0,Docker,systemd
94.9,5.83,29.3,301.0,Docker,systemd
97.45,4.31,32.3,330.0,Docker,systemd
96.2,5.25,32.6,330.0,Docker,systemd
102.48,5.29,32.6,330.0,Docker,systemd
106.92,5.4,32.6,330.0,Docker,systemd
105.66,5.52,32.6,330.0,Docker,systemd
105.93,5.66,32.6,354.0,Docker,systemd
106.31,5.75,32.6,380.0,Docker,systemd
106.88,5.83,32.6,380.0,Docker,systemd
104.7,5.95,32.6,380.0,Docker,systemd
106.49,6.03,32.6,380.0,Docker,systemd
104.44,6.12,32.6,380.0,Docker,systemd
106.17,6.2,32.6,380.0,Docker,systemd
104.6,6.25,32.6,380.0,Docker,systemd
103.73,6.34,32.6,380.0,Docker,systemd
105.1,6.42,32.6,393.0,Docker,systemd
105.34,6.47,32.6,393.0,Docker,systemd
104.96,6.58,32.6,393.0,Docker,systemd
104.29,6.65,32.6,393.0,Docker,systemd
104.82,6.15,32.6,393.0,Docker,systemd
106.1,6.44,32.6,393.0,Docker,systemd
104.98,6.58,32.6,393.0,Docker,systemd
105.7,6.75,32.6,393.0,Docker,systemd
105.32,6.87,32.6,407.0,Docker,systemd
105.26,6.7,32.6,407.0,Docker,systemd
106.2,5.74,32.6,413.0,Docker,systemd
105.8,5.87,32.6,413.0,Docker,systemd
106.01,5.99,32.6,413.0,Docker,systemd
106.31,6.17,32.6,413.0,Docker,systemd
103.37,6.26,32.6,413.0,Docker,systemd
106.21,6.44,32.6,413.0,Docker,systemd
102.8,6.68,32.6,413.0,Docker,systemd
105.23,6.68,32.6,423.0,Docker,systemd
103.1,6.86,32.6,423.0,Docker,systemd
105.85,5.87,32.7,423.0,Docker,systemd
102.61,6.05,32.7,423.0,Docker,systemd
104.59,6.18,32.7,423.0,Docker,systemd
106.8,6.42,32.7,434.0,Docker,systemd
104.72,6.59,32.7,434.0,Docker,systemd
105.31,6.55,32.7,434.0,Docker,systemd
104.22,6.73,32.7,434.0,Docker,systemd
103.63,6.61,32.7,434.0,Docker,systemd
105.09,6.79,32.7,434.0,Docker,systemd
105.11,6.97,32.7,445.0,Docker,systemd
105.44,6.91,32.7,445.0,Docker,systemd
103.2,4.65,32.9,445.0,Docker,systemd
106.44,4.84,33.1,445.0,Docker,systemd
103.06,5.09,33.1,445.0,Docker,systemd
105.21,5.26,33.1,445.0,Docker,systemd
104.97,5.45,33.1,445.0,Docker,systemd
106.11,5.63,33.1,459.0,Docker,systemd
104.18,5.81,33.1,459.0,Docker,systemd
105.77,5.99,33.1,459.0,Docker,systemd
104.13,6.15,33.1,459.0,Docker,systemd
105.22,6.06,33.1,460.0,Docker,systemd
105.57,5.76,33.1,460.0,Docker,systemd
104.7,5.95,33.1,460.0,Docker,systemd
105.81,5.97,33.1,475.0,Docker,systemd
103.23,6.12,33.1,475.0,Docker,systemd
104.05,6.27,33.1,475.0,Docker,systemd
103.73,6.28,33.2,481.0,Docker,systemd
96.93,6.23,35.2,496.0,Docker,systemd
98.96,6.65,36.8,508.0,Docker,systemd
95.02,7.33,37.5,536.0,Docker,systemd
98.89,7.16,38.1,536.0,Docker,systemd
86.23,7.02,38.1,564.0,Docker,systemd
104.39,6.99,38.1,564.0,Docker,systemd
104.36,7.07,38.1,564.0,Docker,systemd
106.08,7.15,38.1,564.0,Docker,systemd
106.38,7.25,38.1,591.0,Docker,systemd
105.41,7.34,38.1,591.0,Docker,systemd
104.64,7.42,38.1,605.0,Docker,systemd
105.04,6.68,38.1,613.0,Docker,systemd
105.1,6.86,38.1,613.0,Docker,systemd
104.05,7.04,38.1,613.0,Docker,systemd
106.27,7.16,38.1,613.0,Docker,systemd
106.07,7.39,38.1,613.0,Docker,systemd
105.67,7.56,38.1,613.0,Docker,systemd
104.3,7.63,38.1,627.0,Docker,systemd
104.93,7.8,38.1,627.0,Docker,systemd
106.34,7.92,38.1,633.0,Docker,systemd
105.27,7.66,38.1,633.0,Docker,systemd
106.56,7.45,38.1,641.0,Docker,systemd
104.82,7.62,38.1,641.0,Docker,systemd
106.13,7.74,38.1,641.0,Docker,systemd
105.38,7.52,38.1,652.0,Docker,systemd
102.63,7.56,38.1,652.0,Docker,systemd
102.0,7.69,38.1,652.0,Docker,systemd
104.64,7.64,38.1,652.0,Docker,systemd
105.23,7.42,38.1,652.0,Docker,systemd
105.36,7.36,38.1,652.0,Docker,systemd
105.72,7.54,38.1,652.0,Docker,systemd
104.11,7.55,38.1,667.0,Docker,systemd
104.28,6.82,38.1,677.0,Docker,systemd
104.84,6.9,38.1,677.0,Docker,systemd
106.09,7.02,38.1,677.0,Docker,systemd
105.11,7.2,38.1,677.0,Docker,systemd
105.46,7.26,38.1,677.0,Docker,systemd
105.85,7.38,38.1,677.0,Docker,systemd
103.15,7.39,38.1,692.0,Docker,systemd
105.44,7.51,38.1,692.0,Docker,systemd
105.68,7.64,38.1,692.0,Docker,systemd
104.34,7.66,38.1,692.0,Docker,systemd
107.26,7.5,38.1,692.0,Docker,systemd
103.79,7.47,38.1,699.0,Docker,systemd
105.47,7.58,38.1,699.0,Docker,systemd
103.25,7.58,38.1,699.0,Docker,systemd
106.39,7.73,38.1,709.0,Docker,systemd
106.79,7.87,38.1,712.0,Docker,systemd
102.83,7.71,38.2,712.0,Docker,systemd
105.44,7.81,38.2,712.0,Docker,systemd
105.43,7.58,38.2,712.0,Docker,systemd
104.32,7.05,38.2,713.0,Docker,systemd
104.06,6.95,38.4,725.0,Docker,systemd
105.02,6.88,38.4,727.0,Docker,systemd
103.29,7.05,38.4,727.0,Docker,systemd
105.68,6.87,38.4,733.0,Docker,systemd
106.22,5.92,38.4,739.0,Docker,systemd
106.15,6.1,38.4,739.0,Docker,systemd
106.63,6.22,38.4,739.0,Docker,systemd
103.58,6.4,38.4,739.0,Docker,systemd
104.47,6.23,38.4,739.0,Docker,systemd
106.61,6.35,38.4,739.0,Docker,systemd
105.01,6.53,38.4,747.0,Docker,systemd
106.15,6.54,38.4,747.0,Docker,systemd
104.47,6.45,38.4,757.0,Docker,systemd
106.5,6.57,38.4,757.0,Docker,systemd
103.13,6.47,38.4,765.0,Docker,systemd
105.95,6.54,38.4,765.0,Docker,systemd
107.54,6.31,38.4,765.0,Docker,systemd
105.38,6.23,38.4,777.0,Docker,systemd
106.12,6.35,38.4,777.0,Docker,systemd
106.14,6.5,38.4,784.0,Docker,systemd
103.24,6.61,38.4,784.0,Docker,systemd
105.91,6.68,38.4,784.0,Docker,systemd
105.97,5.81,38.4,785.0,Docker,systemd
103.99,5.99,38.5,785.0,Docker,systemd
105.33,5.72,38.5,796.0,Docker,systemd
105.59,5.89,38.5,796.0,Docker,systemd
105.61,5.97,38.5,796.0,Docker,systemd
102.96,6.16,38.5,796.0,Docker,systemd
102.6,6.28,38.5,796.0,Docker,systemd
104.11,6.4,38.5,796.0,Docker,systemd
103.0,6.52,38.5,810.0,Docker,systemd
105.74,6.7,38.5,810.0,Docker,systemd
105.04,6.78,38.5,814.0,Docker,systemd
102.19,6.86,39.8,825.0,Docker,systemd
104.03,6.8,40.3,825.0,Docker,systemd
106.16,6.92,40.3,825.0,Docker,systemd
105.13,6.98,40.3,825.0,Docker,systemd
88.37,6.73,45.8,833.0,Docker,systemd
98.36,7.01,49.3,845.0,Docker,systemd
98.93,8.32,50.2,845.0,Docker,systemd
99.79,8.57,50.5,867.0,Docker,systemd
98.5,7.2,50.5,867.0,Docker,systemd
12.54,7.52,51.4,868.0,Docker,systemd
97.68,8.27,52.5,905.0,Docker,systemd
98.97,8.1,52.7,905.0,Docker,systemd
105.43,8.28,52.8,905.0,Docker,systemd
106.7,8.16,52.8,905.0,Docker,systemd
106.49,8.27,52.8,952.0,Docker,systemd
105.84,8.39,52.8,952.0,Docker,systemd
105.54,8.51,52.8,952.0,Docker,systemd
104.87,8.32,52.8,952.0,Docker,systemd
105.83,8.44,52.8,952.0,Docker,systemd
103.66,8.62,52.8,952.0,Docker,systemd
104.59,8.23,52.8,952.0,Docker,systemd
105.46,8.2,52.8,952.0,Docker,systemd
103.51,8.37,52.8,952.0,Docker,systemd
104.28,8.54,52.8,971.0,Docker,systemd
106.36,8.56,52.8,971.0,Docker,systemd
105.11,8.57,52.8,971.0,Docker,systemd
106.17,8.64,52.8,971.0,Docker,systemd
106.24,8.76,52.8,971.0,Docker,systemd
105.72,8.68,52.8,971.0,Docker,systemd
102.77,7.81,52.8,979.0,Docker,systemd
106.83,7.94,52.8,979.0,Docker,systemd
106.31,8.11,52.8,979.0,Docker,systemd
105.46,7.51,52.8,991.0,Docker,systemd
104.27,7.55,52.8,996.0,Docker,systemd
104.23,7.73,52.8,996.0,Docker,systemd
106.49,7.85,52.8,996.0,Docker,systemd
103.83,7.9,52.8,1034.24,Docker,systemd
105.3,7.92,52.8,1034.24,Docker,systemd
103.82,8.03,52.8,1044.48,Docker,systemd
102.26,8.04,52.8,1044.48,Docker,systemd
105.75,7.89,52.8,1044.48,Docker,systemd
103.55,8.07,52.8,1044.48,Docker,systemd
106.82,8.23,52.8,1044.48,Docker,systemd
105.95,8.29,52.8,1044.48,Docker,systemd
105.51,8.47,52.8,1064.96,Docker,systemd
106.51,8.58,52.8,1064.96,Docker,systemd
105.39,8.57,52.8,1064.96,Docker,systemd
105.45,8.3,52.8,1075.2,Docker,systemd
105.95,8.41,52.8,1075.2,Docker,systemd
105.76,8.53,52.8,1075.2,Docker,systemd
105.18,8.46,52.8,1075.2,Docker,systemd
107.24,8.46,52.8,1075.2,Docker,systemd
105.43,8.64,52.8,1085.44,Docker,systemd
105.31,8.76,52.8,1085.44,Docker,systemd
105.56,8.67,52.8,1085.44,Docker,systemd
105.45,8.85,52.8,1085.44,Docker,systemd
105.8,8.91,52.8,1095.68,Docker,systemd
105.38,8.42,52.8,1095.68,Docker,systemd
107.53,7.89,52.8,1095.68,Docker,systemd
106.77,7.82,52.8,1105.92,Docker,systemd
104.87,7.79,52.8,1126.4,Docker,systemd
105.92,6.58,52.8,1136.64,Docker,systemd
103.15,5.93,52.8,1146.88,Docker,systemd
105.28,6.53,52.8,1157.12,Docker,systemd
104.44,7.44,52.8,1177.6,Docker,systemd
105.03,6.42,53.6,1187.84,Docker,systemd
104.35,5.77,53.6,1198.08,Docker,systemd
104.7,5.39,53.6,1208.32,Docker,systemd
99.63,4.61,54.2,1218.56,Docker,systemd
105.09,5.87,56.2,1228.8,Docker,systemd
98.8,6.99,79.0,1239.04,Docker,systemd
96.03,7.33,82.8,1249.28,Docker,systemd
92.43,8.66,83.1,1300.48,Docker,systemd
93.88,9.01,88.5,1341.44,Docker,systemd
96.32,8.91,88.6,1361.92,Docker,systemd
95.13,8.68,90.4,1372.16,Docker,systemd
38.12,9.3,90.5,1402.88,Docker,systemd
103.33,8.04,90.5,1413.12,Docker,systemd
102.45,8.22,90.5,1423.36,Docker,systemd
104.74,8.44,90.6,1443.84,Docker,systemd
103.29,8.95,90.6,1454.08,Docker,systemd
105.64,7.76,91.4,1464.32,Docker,systemd
104.19,8.31,91.4,1484.8,Docker,systemd
104.59,8.38,91.4,1505.28,Docker,systemd
81.81,8.98,91.4,1515.52,Docker,systemd
104.5,9.03,91.4,1525.76,Docker,systemd
106.49,8.64,91.4,1546.24,Docker,systemd
105.77,7.78,91.4,1566.72,Docker,systemd
104.78,8.09,91.4,1576.96,Docker,systemd
102.93,6.06,91.4,1597.44,Docker,systemd
102.45,5.18,91.4,1607.68,Docker,systemd
104.52,6.16,91.5,1617.92,Docker,systemd
100.84,5.98,91.5,1638.4,Docker,systemd
104.84,7.0,91.5,1648.64,Docker,systemd
105.35,6.88,91.5,1658.88,Docker,systemd
105.63,7.51,91.8,1679.36,Docker,systemd
103.83,7.65,92.2,1689.6,Docker,systemd
104.51,7.95,93.0,1699.84,Docker,systemd
103.51,8.14,94.2,1720.32,Docker,systemd
104.65,6.62,94.2,1740.8,Docker,systemd
105.19,6.87,94.2,1761.28,Docker,systemd
105.61,7.05,94.2,1771.52,Docker,systemd
82.05,6.5,127.0,1812.48,Docker,systemd
94.89,6.86,129.0,1832.96,Docker,systemd
96.07,8.45,131.0,1863.68,Docker,systemd
95.76,6.93,136.0,1894.4,Docker,systemd
95.93,8.18,145.0,1945.6,Docker,systemd
103.15,8.75,145.0,1966.08,Docker,systemd
105.91,9.56,145.0,1986.56,Docker,systemd
104.39,8.92,145.0,2007.04,Docker,systemd
103.55,8.39,145.0,2017.28,Docker,systemd
105.37,7.55,145.0,2037.76,Docker,systemd
107.01,8.33,145.0,2058.24,Docker,systemd
103.73,8.87,145.0,2068.48,Docker,systemd
102.75,9.46,145.0,2078.72,Docker,systemd
103.78,9.42,145.0,2088.96,Docker,systemd
104.75,9.45,145.0,2109.44,Docker,systemd
99.46,8.74,145.0,2119.68,Docker,systemd
100.18,8.47,146.0,2140.16,Docker,systemd
106.13,8.37,146.0,2150.4,Docker,systemd
104.03,8.44,146.0,2160.64,Docker,systemd
105.81,8.07,146.0,2181.12,Docker,systemd
97.6,6.7,146.0,2191.36,Docker,systemd
105.58,5.66,146.0,2211.84,Docker,systemd
102.9,5.67,146.0,2222.08,Docker,systemd
104.02,5.37,146.0,2232.32,Docker,systemd
105.04,6.1,146.0,2252.8,Docker,systemd
105.84,7.05,146.0,2263.04,Docker,systemd
104.96,7.26,146.0,2283.52,Docker,systemd
104.76,7.16,146.0,2293.76,Docker,systemd
104.01,6.99,146.0,2304.0,Docker,systemd
105.97,7.08,146.0,2314.24,Docker,systemd
106.08,7.2,146.0,2324.48,Docker,systemd
104.27,7.22,148.0,2334.72,Docker,systemd
106.04,7.25,148.0,2344.96,Docker,systemd
105.73,7.21,149.0,2365.44,Docker,systemd
105.37,7.65,149.0,2385.92,Docker,systemd
106.1,6.94,149.0,2396.16,Docker,systemd
104.86,7.42,149.0,2416.64,Docker,systemd
103.1,7.54,149.0,2437.12,Docker,systemd
105.32,6.98,149.0,2447.36,Docker,systemd
102.94,7.12,150.0,2467.84,Docker,systemd
105.39,7.18,151.0,2478.08,Docker,systemd
103.32,6.8,152.0,2488.32,Docker,systemd
104.53,6.32,152.0,2498.56,Docker,systemd
106.35,7.37,152.0,2519.04,Docker,systemd
76.69,6.84,198.0,2560.0,Docker,systemd
94.44,6.58,201.0,2580.48,Docker,systemd
94.58,7.0,201.0,2590.72,Docker,systemd
92.33,9.98,204.0,2621.44,Docker,systemd
94.36,10.27,205.0,2682.88,Docker,systemd
94.99,9.75,215.0,2713.6,Docker,systemd
105.66,9.8,220.0,2734.08,Docker,systemd
99.59,8.46,220.0,2754.56,Docker,systemd
98.94,7.64,220.0,2775.04,Docker,systemd
104.6,7.28,220.0,2785.28,Docker,systemd
105.61,7.64,220.0,2805.76,Docker,systemd
105.41,8.35,220.0,2826.24,Docker,systemd
86.8,6.74,220.0,2846.72,Docker,systemd
103.19,6.9,220.0,2856.96,Docker,systemd
104.88,6.18,220.0,2867.2,Docker,systemd
104.0,7.08,220.0,2887.68,Docker,systemd
105.21,6.05,220.0,2897.92,Docker,systemd
105.45,6.3,220.0,2918.4,Docker,systemd
105.14,6.68,220.0,2928.64,Docker,systemd
99.87,5.73,220.0,2938.88,Docker,systemd
107.53,5.6,220.0,2959.36,Docker,systemd
105.45,5.86,221.0,2979.84,Docker,systemd
103.82,5.53,221.0,2990.08,Docker,systemd
103.32,6.18,221.0,3010.56,Docker,systemd
105.97,6.51,221.0,3020.8,Docker,systemd
102.43,6.59,221.0,3041.28,Docker,systemd
104.52,6.64,221.0,3051.52,Docker,systemd
101.51,5.93,221.0,3072.0,Docker,systemd
103.55,6.12,221.0,3092.48,Docker,systemd
104.67,6.69,221.0,3112.96,Docker,systemd
104.14,5.86,222.0,3123.2,Docker,systemd
103.95,5.54,223.0,3143.68,Docker,systemd
105.8,6.51,224.0,3164.16,Docker,systemd
103.57,6.46,225.0,3184.64,Docker,systemd
104.6,6.86,225.0,3194.88,Docker,systemd
103.68,6.66,225.0,3215.36,Docker,systemd
104.09,5.78,225.0,3225.6,Docker,systemd
103.62,5.71,225.0,3246.08,Docker,systemd
104.4,6.63,226.0,3266.56,Docker,systemd
104.36,7.53,227.0,3276.8,Docker,systemd
103.83,7.32,227.0,3287.04,Docker,systemd
104.22,7.58,227.0,3297.28,Docker,systemd
98.04,6.96,227.0,3307.52,Docker,systemd
102.09,5.37,228.0,3328.0,Docker,systemd
102.27,5.74,229.0,3348.48,Docker,systemd
106.08,6.09,230.0,3368.96,Docker,systemd
102.25,5.68,231.0,3389.44,Docker,systemd
104.87,5.93,231.0,3409.92,Docker,systemd
85.97,6.31,288.0,3420.16,Docker,systemd
89.0,6.65,375.0,3450.88,Docker,systemd
96.34,8.71,382.0,3481.6,Docker,systemd
96.91,9.83,387.0,3532.8,Docker,systemd
96.86,9.84,401.0,3573.76,Docker,systemd
93.67,9.69,425.0,3604.48,Docker,systemd
101.32,8.8,425.0,3655.68,Docker,systemd
103.3,9.46,426.0,3676.16,Docker,systemd
102.3,8.69,426.0,3696.64,Docker,systemd
96.73,6.31,426.0,3717.12,Docker,systemd
104.91,7.75,426.0,3737.6,Docker,systemd
106.8,8.59,426.0,3747.84,Docker,systemd
101.94,7.45,426.0,3768.32,Docker,systemd
104.37,7.79,426.0,3788.8,Docker,systemd
104.7,8.56,426.0,3809.28,Docker,systemd
104.93,8.71,426.0,3829.76,Docker,systemd
105.85,8.4,426.0,3850.24,Docker,systemd
104.84,8.22,426.0,3860.48,Docker,systemd
106.22,8.69,426.0,3880.96,Docker,systemd
106.19,6.9,426.0,3901.44,Docker,systemd
104.15,6.71,426.0,3921.92,Docker,systemd
105.45,6.79,426.0,3942.4,Docker,systemd
102.68,6.9,426.0,3962.88,Docker,systemd
107.07,6.72,426.0,3983.36,Docker,systemd
105.54,7.22,427.0,4003.84,Docker,systemd
102.13,6.64,428.0,4024.32,Docker,systemd
105.02,6.87,429.0,4044.8,Docker,systemd
91.2,6.64,429.0,4055.04,Docker,systemd
99.69,6.29,430.0,4065.28,Docker,systemd
105.92,6.71,430.0,4075.52,Docker,systemd
105.56,7.19,430.0,4096.0,Docker,systemd
105.86,7.38,430.0,4106.24,Docker,systemd
99.47,7.27,430.0,4126.72,Docker,systemd
103.63,7.1,430.0,4147.2,Docker,systemd
104.12,6.87,430.0,4157.44,Docker,systemd
105.85,6.89,432.0,4177.92,Docker,systemd
104.91,7.11,434.0,4198.4,Docker,systemd
103.15,7.99,434.0,4208.64,Docker,systemd
103.11,7.46,434.0,4229.12,Docker,systemd
102.11,7.72,435.0,4249.6,Docker,systemd
98.47,7.26,435.0,4270.08,Docker,systemd
105.37,7.48,436.0,4290.56,Docker,systemd
104.69,7.05,436.0,4300.8,Docker,systemd
102.78,7.39,436.0,4321.28,Docker,systemd
105.06,7.51,436.0,4341.76,Docker,systemd
97.58,7.18,436.0,4352.0,Docker,systemd
105.74,8.15,437.0,4372.48,Docker,systemd
106.62,8.41,437.0,4392.96,Docker,systemd
104.53,7.85,438.0,4413.44,Docker,systemd
105.02,8.23,439.0,4444.16,Docker,systemd
78.86,8.54,533.0,4464.64,Docker,systemd
85.12,8.75,650.0,4485.12,Docker,systemd
96.34,9.7,654.0,4505.6,Docker,systemd
96.69,9.34,659.0,4505.6,Docker,systemd
94.81,9.91,669.0,4536.32,Docker,systemd
97.29,8.63,691.0,4577.28,Docker,systemd
96.58,8.87,704.0,4587.52,Docker,systemd
98.38,10.09,723.0,4618.24,Docker,systemd
95.75,10.71,743.0,4648.96,Docker,systemd
93.16,10.83,756.0,4679.68,Docker,systemd
105.43,0.61,16.2,0.004,Docker,cgroupfs
99.36,1.36,18.2,0.004,Docker,cgroupfs
99.70,1.55,19.4,7.5,Docker,cgroupfs
99.09,1.59,19.5,8.85,Docker,cgroupfs
104.69,1.15,19.8,9.23,Docker,cgroupfs
105.51,1.97,22.6,9.23,Docker,cgroupfs
103.19,2.26,23.8,13.4,Docker,cgroupfs
96.91,2.06,23.8,32.4,Docker,cgroupfs
104.82,1.88,24.4,32.4,Docker,cgroupfs
104.65,2.24,24.6,32.4,Docker,cgroupfs
107.52,2.59,24.6,32.4,Docker,cgroupfs
101.12,2.64,24.6,51.6,Docker,cgroupfs
104.02,2.68,24.6,51.6,Docker,cgroupfs
107.08,3.12,26.5,51.6,Docker,cgroupfs
103.08,3.41,26.6,63.9,Docker,cgroupfs
104.95,2.98,26.6,66.4,Docker,cgroupfs
97.55,2.51,26.6,66.5,Docker,cgroupfs
95.96,1.69,26.6,68.7,Docker,cgroupfs
104.67,1.81,26.6,68.7,Docker,cgroupfs
104.12,2.22,27.4,68.7,Docker,cgroupfs
101.92,2.28,27.4,68.7,Docker,cgroupfs
105.04,2.67,28.6,76.2,Docker,cgroupfs
102.37,2.78,28.8,76.2,Docker,cgroupfs
103.81,3.16,30,76.2,Docker,cgroupfs
102.16,3.62,33.5,84.4,Docker,cgroupfs
58.67,3.40,34.6,101,Docker,cgroupfs
67.77,3.62,35.5,114,Docker,cgroupfs
94.70,2.76,37.7,120,Docker,cgroupfs
99.66,3.05,38,120,Docker,cgroupfs
97.39,3.08,38,135,Docker,cgroupfs
85.39,2.94,38,135,Docker,cgroupfs
107.26,3.49,38,135,Docker,cgroupfs
102.15,4,38,163,Docker,cgroupfs
101.93,4.05,38,163,Docker,cgroupfs
103.92,4.35,38,163,Docker,cgroupfs
100.20,4.41,38.7,169,Docker,cgroupfs
103.27,4.68,39.1,177,Docker,cgroupfs
103.53,4.59,39.1,177,Docker,cgroupfs
99.13,4.27,39.1,181,Docker,cgroupfs
102.14,4.04,39.2,181,Docker,cgroupfs
105.49,4.57,39.3,181,Docker,cgroupfs
106.15,4.67,39.3,189,Docker,cgroupfs
106.36,4.63,39.3,193,Docker,cgroupfs
101.08,4.71,39.3,193,Docker,cgroupfs
103.51,4.71,39.3,193,Docker,cgroupfs
102.44,5.19,39.3,205,Docker,cgroupfs
103.77,5.24,39.3,205,Docker,cgroupfs
105.59,3.62,39.6,208,Docker,cgroupfs
105.06,3.74,39.8,208,Docker,cgroupfs
105.18,4.03,39.9,208,Docker,cgroupfs
102.70,4.44,39.9,219,Docker,cgroupfs
104.70,5.05,39.9,219,Docker,cgroupfs
102.46,5.46,39.9,219,Docker,cgroupfs
97.21,5.59,42.4,247,Docker,cgroupfs
96.16,5.59,48.8,247,Docker,cgroupfs
50.61,3.71,50.3,248,Docker,cgroupfs
77.67,3.92,51.2,248,Docker,cgroupfs
81.76,4.11,51.3,248,Docker,cgroupfs
94.18,4.32,51.3,301,Docker,cgroupfs
104.19,4.56,51.3,301,Docker,cgroupfs
102.13,4.67,51.3,301,Docker,cgroupfs
105.17,4.78,51.3,301,Docker,cgroupfs
103.75,4.71,51.4,301,Docker,cgroupfs
104.24,4.82,51.5,301,Docker,cgroupfs
99.82,5.10,51.5,321,Docker,cgroupfs
104.86,5.49,51.5,321,Docker,cgroupfs
104.43,5.83,51.5,321,Docker,cgroupfs
105.96,6.17,51.5,321,Docker,cgroupfs
98.25,5.85,51.5,330,Docker,cgroupfs
101.81,5.91,51.5,333,Docker,cgroupfs
101.19,5.78,51.5,339,Docker,cgroupfs
101.62,5.50,51.5,344,Docker,cgroupfs
100.69,5.25,51.5,349,Docker,cgroupfs
104.58,4.36,51.7,349,Docker,cgroupfs
99.16,4.45,51.9,358,Docker,cgroupfs
98.90,4.06,52.3,359,Docker,cgroupfs
96.19,3.39,52.3,360,Docker,cgroupfs
100.02,3.51,52.4,360,Docker,cgroupfs
104.98,4.12,52.5,368,Docker,cgroupfs
104.76,4.20,52.6,368,Docker,cgroupfs
101.93,4.18,52.6,375,Docker,cgroupfs
103.69,3.84,52.6,379,Docker,cgroupfs
102.56,3.89,52.6,379,Docker,cgroupfs
99.04,3.56,52.6,384,Docker,cgroupfs
105.20,3.51,52.6,384,Docker,cgroupfs
103.79,3.50,52.9,389,Docker,cgroupfs
95.90,3.55,52.9,389,Docker,cgroupfs
100.86,3.59,52.9,389,Docker,cgroupfs
104.51,3.51,53,389,Docker,cgroupfs
105.01,3.57,53,389,Docker,cgroupfs
104.14,3.74,53,401,Docker,cgroupfs
104.58,3.90,53,401,Docker,cgroupfs
102.39,4.46,53.1,401,Docker,cgroupfs
102.54,4.95,53.1,401,Docker,cgroupfs
101.86,5.05,53.1,415,Docker,cgroupfs
104.45,5.35,54.3,421,Docker,cgroupfs
101.35,5.15,54.5,426,Docker,cgroupfs
99.92,4.51,54.5,431,Docker,cgroupfs
96.62,3.82,54.5,432,Docker,cgroupfs
103.42,4.36,54.5,432,Docker,cgroupfs
103,4.41,54.5,439,Docker,cgroupfs
104.62,4.85,54.5,439,Docker,cgroupfs
100.19,4.81,54.5,448,Docker,cgroupfs
105.37,4.98,54.5,448,Docker,cgroupfs
99.15,5.14,54.5,460,Docker,cgroupfs
104.55,5.43,54.5,460,Docker,cgroupfs
101.83,5.41,54.5,464,Docker,cgroupfs
89.79,4.47,67.4,477,Docker,cgroupfs
96.93,4.50,70.4,485,Docker,cgroupfs
98.62,5.78,74,485,Docker,cgroupfs
97.94,4.84,74.2,485,Docker,cgroupfs
97.90,5.30,77.9,485,Docker,cgroupfs
96.92,5.30,78.6,504,Docker,cgroupfs
96.76,4.53,79,505,Docker,cgroupfs
93.39,3.83,79.6,543,Docker,cgroupfs
96.28,3.85,79.6,543,Docker,cgroupfs
98.96,4.13,79.6,543,Docker,cgroupfs
105.09,4.70,79.8,543,Docker,cgroupfs
103.42,5.09,79.8,543,Docker,cgroupfs
104.45,5.54,79.8,543,Docker,cgroupfs
100.98,5.93,79.8,548,Docker,cgroupfs
104.19,5.98,79.8,581,Docker,cgroupfs
106.23,6.04,79.8,581,Docker,cgroupfs
103.16,6.09,79.8,581,Docker,cgroupfs
106.21,5.22,79.8,581,Docker,cgroupfs
103.56,5.50,79.8,595,Docker,cgroupfs
104.06,5.79,80.1,595,Docker,cgroupfs
100.83,6.12,80.1,603,Docker,cgroupfs
104.49,6.18,80.1,603,Docker,cgroupfs
99.51,5.04,80.1,614,Docker,cgroupfs
103.28,5.21,80.1,614,Docker,cgroupfs
104.83,5.74,80.4,614,Docker,cgroupfs
104.16,5.95,80.4,614,Docker,cgroupfs
104.87,6.27,80.4,624,Docker,cgroupfs
102.85,6.09,80.4,624,Docker,cgroupfs
88.24,5.52,80.4,638,Docker,cgroupfs
89.53,4.07,80.5,640,Docker,cgroupfs
103.71,3.43,80.5,640,Docker,cgroupfs
100.15,3.34,80.5,648,Docker,cgroupfs
104.43,3.98,80.5,648,Docker,cgroupfs
105.62,4.33,80.5,648,Docker,cgroupfs
104.91,4.45,80.5,662,Docker,cgroupfs
104.57,4.74,80.5,662,Docker,cgroupfs
103.58,5.10,80.5,662,Docker,cgroupfs
102.96,5.34,80.6,662,Docker,cgroupfs
105.45,4.63,80.6,662,Docker,cgroupfs
102.11,4.74,80.6,679,Docker,cgroupfs
104.47,5.23,50.6,679,Docker,cgroupfs
104.64,5.58,80.6,688,Docker,cgroupfs
103.66,5.80,80.6,688,Docker,cgroupfs
94.79,5.80,80.6,696,Docker,cgroupfs
100.40,4.60,80.6,702,Docker,cgroupfs
103.56,4.48,80.6,711,Docker,cgroupfs
102.39,4.52,80.6,718,Docker,cgroupfs
103.79,4.81,80.6,718,Docker,cgroupfs
100.73,4.29,80.6,718,Docker,cgroupfs
101.64,4.93,80.6,726,Docker,cgroupfs
104.64,4.94,80.6,733,Docker,cgroupfs
100.31,4.82,80.6,744,Docker,cgroupfs
103.55,4.91,80.6,744,Docker,cgroupfs
104.33,5.44,80.6,744,Docker,cgroupfs
105.11,5.95,81.2,758,Docker,cgroupfs
94.79,5.67,96.9,773,Docker,cgroupfs
96.16,4.81,108,787,Docker,cgroupfs
96.76,5.41,111,787,Docker,cgroupfs
96.66,6.92,113,788,Docker,cgroupfs
93.43,6.55,113,846,Docker,cgroupfs
94.47,4.72,115,847,Docker,cgroupfs
55.71,4.74,121,847,Docker,cgroupfs
102.72,6.24,126,869,Docker,cgroupfs
82.62,3.90,126,903,Docker,cgroupfs
98.78,3.29,126,903,Docker,cgroupfs
102.73,3.43,126,903,Docker,cgroupfs
104.98,3.90,126,903,Docker,cgroupfs
103.11,4.30,126,903,Docker,cgroupfs
101.29,4.32,126,926,Docker,cgroupfs
99.59,4.42,126,926,Docker,cgroupfs
105.52,4.63,127,935,Docker,cgroupfs
102.90,5.71,127,935,Docker,cgroupfs
102.56,5.86,127,949,Docker,cgroupfs
104.82,5.94,127,958,Docker,cgroupfs
102.19,6.12,127,973,Docker,cgroupfs
100.32,6.22,127,978,Docker,cgroupfs
106.05,6.45,127,978,Docker,cgroupfs
103.46,6.25,127,988,Docker,cgroupfs
104.76,6.32,127,988,Docker,cgroupfs
94.24,4.57,127,997,Docker,cgroupfs
103.98,4.12,127,997,Docker,cgroupfs
104.22,4.64,127,997,Docker,cgroupfs
106.62,5.10,128,997,Docker,cgroupfs
105.25,5.32,128,1034.24,Docker,cgroupfs
103.62,5.26,128,1044.48,Docker,cgroupfs
101.73,5.71,129,1054.72,Docker,cgroupfs
105.41,6.27,129,1064.96,Docker,cgroupfs
101.29,4.89,129,1075.2,Docker,cgroupfs
102.62,6.06,129,1095.68,Docker,cgroupfs
103.21,6.83,129,1116.16,Docker,cgroupfs
100.47,5.87,129,1126.4,Docker,cgroupfs
105.44,5.4,129,1136.64,Docker,cgroupfs
102.88,5.78,130,1146.88,Docker,cgroupfs
101.31,5.85,130,1157.12,Docker,cgroupfs
99.92,5.82,130,1167.36,Docker,cgroupfs
103.13,4.95,130,1177.6,Docker,cgroupfs
93.09,5.23,158,1198.08,Docker,cgroupfs
85.67,5.02,180,1218.56,Docker,cgroupfs
97.99,7.35,186,1249.28,Docker,cgroupfs
95.06,6.34,187,1269.76,Docker,cgroupfs
92.26,6.48,199,1300.48,Docker,cgroupfs
96.5,5.63,199,1341.44,Docker,cgroupfs
101.6,6.19,199,1361.92,Docker,cgroupfs
104.34,6.6,199,1372.16,Docker,cgroupfs
104.56,5.28,199,1382.4,Docker,cgroupfs
102.17,5.61,199,1392.64,Docker,cgroupfs
103.02,6.72,200,1402.88,Docker,cgroupfs
102.95,7.09,200,1413.12,Docker,cgroupfs
103.52,6.45,201,1423.36,Docker,cgroupfs
102.71,6.19,201,1433.6,Docker,cgroupfs
99.97,5.14,201,1443.84,Docker,cgroupfs
102.34,5.28,201,1464.32,Docker,cgroupfs
105.59,5.36,201,1474.56,Docker,cgroupfs
105.37,5.38,201,1484.8,Docker,cgroupfs
106.26,6.08,202,1505.28,Docker,cgroupfs
101.67,6.61,202,1515.52,Docker,cgroupfs
103.82,5.92,202,1525.76,Docker,cgroupfs
100.48,6.13,202,1536.0,Docker,cgroupfs
100.83,6.28,202,1556.48,Docker,cgroupfs
99.37,6.2,202,1566.72,Docker,cgroupfs
104.96,6.24,202,1587.2,Docker,cgroupfs
101.94,6.36,204,1597.44,Docker,cgroupfs
93.07,6.15,283,1628.16,Docker,cgroupfs
95.69,6.99,287,1658.88,Docker,cgroupfs
91.99,5.21,289,1669.12,Docker,cgroupfs
99.2,7.78,304,1699.84,Docker,cgroupfs
98.83,7.89,333,1781.76,Docker,cgroupfs
104.07,7.78,333,1802.24,Docker,cgroupfs
107.16,5.67,335,1822.72,Docker,cgroupfs
101.79,5.75,335,1832.96,Docker,cgroupfs
105.84,5.47,336,1843.2,Docker,cgroupfs
102.61,6.06,338,1853.44,Docker,cgroupfs
104.41,6.28,339,1863.68,Docker,cgroupfs
104.15,7.38,339,1884.16,Docker,cgroupfs
106.3,8.18,339,1904.64,Docker,cgroupfs
101.91,7.45,339,1914.88,Docker,cgroupfs
106.11,6.02,339,1925.12,Docker,cgroupfs
102.1,5.89,339,1935.36,Docker,cgroupfs
103.92,5.33,340,1955.84,Docker,cgroupfs
100.48,6.22,340,1966.08,Docker,cgroupfs
105.35,6.31,340,1986.56,Docker,cgroupfs
102.78,7.47,340,2007.04,Docker,cgroupfs
100.28,6.99,341,2017.28,Docker,cgroupfs
101.21,6.21,341,2027.52,Docker,cgroupfs
104.0,6.76,341,2048.0,Docker,cgroupfs
103.99,6.82,341,2058.24,Docker,cgroupfs
103.03,6.77,341,2078.72,Docker,cgroupfs
101.98,6.35,342,2088.96,Docker,cgroupfs
105.16,7.16,342,2109.44,Docker,cgroupfs
103.1,7.29,346,2129.92,Docker,cgroupfs
105.2,7.34,347,2150.4,Docker,cgroupfs
97.24,6.72,374,2160.64,Docker,cgroupfs
89.53,6.11,402,2181.12,Docker,cgroupfs
95.25,6.07,404,2211.84,Docker,cgroupfs
90.72,6.94,407,2222.08,Docker,cgroupfs
99.37,7.08,407,2232.32,Docker,cgroupfs
98.84,8.99,414,2283.52,Docker,cgroupfs
103.48,6.68,436,2314.24,Docker,cgroupfs
102.06,6.96,436,2365.44,Docker,cgroupfs
102.96,6.4,436,2375.68,Docker,cgroupfs
102.45,6.6,436,2396.16,Docker,cgroupfs
102.58,6.56,436,2406.4,Docker,cgroupfs
103.49,7.59,436,2416.64,Docker,cgroupfs
102.71,7.67,436,2426.88,Docker,cgroupfs
104.89,7.59,436,2437.12,Docker,cgroupfs
103.84,8.96,437,2447.36,Docker,cgroupfs
104.73,7.54,437,2457.6,Docker,cgroupfs
104.93,6.87,437,2467.84,Docker,cgroupfs
104.45,6.25,437,2488.32,Docker,cgroupfs
100.05,6.03,437,2498.56,Docker,cgroupfs
100.92,4.42,437,2519.04,Docker,cgroupfs
102.48,4.71,438,2529.28,Docker,cgroupfs
102.39,4.99,438,2539.52,Docker,cgroupfs
103.43,6.47,439,2549.76,Docker,cgroupfs
102.02,6.4,439,2560.0,Docker,cgroupfs
106.62,5.99,439,2580.48,Docker,cgroupfs
101.66,6.03,439,2590.72,Docker,cgroupfs
105.15,6.3,439,2611.2,Docker,cgroupfs
101.8,6.69,439,2631.68,Docker,cgroupfs
103.63,6.99,440,2662.4,Docker,cgroupfs
101.08,7.1,440,2672.64,Docker,cgroupfs
94.27,7.27,440,2693.12,Docker,cgroupfs
100.2,7.34,440,2703.36,Docker,cgroupfs
103.74,7.34,441,2713.6,Docker,cgroupfs
104.02,7.34,442,2723.84,Docker,cgroupfs
100.75,7.3,442,2744.32,Docker,cgroupfs
101.04,7.31,442,2754.56,Docker,cgroupfs
103.8,5.31,444,2764.8,Docker,cgroupfs
100.28,4.71,447,2785.28,Docker,cgroupfs
105.17,4.83,448,2795.52,Docker,cgroupfs
103.62,5.04,448,2805.76,Docker,cgroupfs
105.77,5.37,450,2826.24,Docker,cgroupfs
100.36,5.23,451,2836.48,Docker,cgroupfs
105.88,5.41,451,2856.96,Docker,cgroupfs
100.99,5.69,451,2877.44,Docker,cgroupfs
92.46,5.71,452,2887.68,Docker,cgroupfs
103.83,6.05,455,2908.16,Docker,cgroupfs
102.74,6.4,457,2928.64,Docker,cgroupfs
104.61,6.63,457,2938.88,Docker,cgroupfs
103.22,6.74,457,2949.12,Docker,cgroupfs
81.04,7.28,538,2959.36,Docker,cgroupfs
73.13,5.77,590,2979.84,Docker,cgroupfs
89.71,6.14,597,3000.32,Docker,cgroupfs
98.23,8.23,609,3031.04,Docker,cgroupfs
50.49,7.31,611,3051.52,Docker,cgroupfs
99.05,8.02,620,3092.48,Docker,cgroupfs
102.9,8.19,652,3184.64,Docker,cgroupfs
103.9,6.49,653,3194.88,Docker,cgroupfs
102.22,7.4,654,3215.36,Docker,cgroupfs
103.5,7.54,655,3246.08,Docker,cgroupfs
104.18,6.8,655,3256.32,Docker,cgroupfs
105.19,7.02,656,3276.8,Docker,cgroupfs
99.3,6.29,656,3297.28,Docker,cgroupfs
102.34,5.65,656,3307.52,Docker,cgroupfs
98.46,5.9,657,3317.76,Docker,cgroupfs
99.46,5.92,657,3338.24,Docker,cgroupfs
104.43,6.05,657,3348.48,Docker,cgroupfs
102.89,5.63,657,3358.72,Docker,cgroupfs
103.32,5.77,657,3368.96,Docker,cgroupfs
79.24,6.05,658,3389.44,Docker,cgroupfs
101.28,6.03,658,3399.68,Docker,cgroupfs
100.4,5.63,658,3409.92,Docker,cgroupfs
99.98,5.62,659,3420.16,Docker,cgroupfs
102.3,5.72,660,3430.4,Docker,cgroupfs
104.61,5.59,661,3450.88,Docker,cgroupfs
91.85,5.56,661,3471.36,Docker,cgroupfs
99.99,5.5,662,3481.6,Docker,cgroupfs
98.05,5.31,663,3491.84,Docker,cgroupfs
99.66,5.05,665,3512.32,Docker,cgroupfs
102.48,5.05,665,3522.56,Docker,cgroupfs
88.51,5.09,666,3543.04,Docker,cgroupfs
84.15,5.08,666,3563.52,Docker,cgroupfs
102.14,6.38,671,3584.0,Docker,cgroupfs
101.87,5.63,671,3594.24,Docker,cgroupfs
102.07,5.72,671,3604.48,Docker,cgroupfs
104.65,4.56,671,3635.2,Docker,cgroupfs
101.82,5.01,671,3645.44,Docker,cgroupfs
102.95,5.28,671,3655.68,Docker,cgroupfs
100.79,5.38,671,3676.16,Docker,cgroupfs
104.15,6.17,672,3706.88,Docker,cgroupfs
102.33,6.45,672,3727.36,Docker,cgroupfs
103.59,5.71,673,3737.6,Docker,cgroupfs
103.86,5.72,674,3758.08,Docker,cgroupfs
105.64,5.99,674,3768.32,Docker,cgroupfs
101.47,6.18,675,3778.56,Docker,cgroupfs
99.23,5.71,675,3788.8,Docker,cgroupfs
103.28,5.85,675,3809.28,Docker,cgroupfs
104.17,7.03,675,3819.52,Docker,cgroupfs
105.04,5.66,675,3829.76,Docker,cgroupfs
100.88,5.62,675,3850.24,Docker,cgroupfs
88.97,4.55,675,3870.72,Docker,cgroupfs
97.42,4.77,675,3880.96,Docker,cgroupfs
96.06,4.62,676,3901.44,Docker,cgroupfs
94.58,3.75,676,3911.68,Docker,cgroupfs
101.11,3.91,676,3921.92,Docker,cgroupfs
101.28,4.23,678,3932.16,Docker,cgroupfs
101.43,4.41,678,3942.4,Docker,cgroupfs
97.14,5.44,679,3962.88,Docker,cgroupfs
78.63,5.52,763,3983.36,Docker,cgroupfs
69.33,5.37,827,4024.32,Docker,cgroupfs
91.14,5.25,836,4044.8,Docker,cgroupfs
96.37,7.63,862,4096.0,Docker,cgroupfs
96.27,5.85,868,4106.24,Docker,cgroupfs
90.26,5.05,875,4136.96,Docker,cgroupfs
94.2,5.7,887,4157.44,Docker,cgroupfs
97.03,6.48,905,4198.4,Docker,cgroupfs
90.72,7.09,918,4239.36,Docker,cgroupfs
95.46,6.23,923,4249.6,Docker,cgroupfs
103.21,0.07,9.581,0.008,Podman,systemd
102.71,0.08,11.05,3.424,Podman,systemd
103.07,0.09,11.35,5.321,Podman,systemd
103.06,0.09,12.28,5.321,Podman,systemd
103.01,0.1,12.59,11.27,Podman,systemd
103.47,0.1,12.75,11.27,Podman,systemd
92.92,0.11,12.91,11.27,Podman,systemd
97.68,0.11,12.94,31.73,Podman,systemd
104.04,0.11,12.95,31.73,Podman,systemd
103.43,0.12,13.24,31.73,Podman,systemd
103.24,0.12,13.26,31.73,Podman,systemd
103.53,0.13,13.28,50.93,Podman,systemd
103.53,0.13,13.34,50.93,Podman,systemd
103.77,0.14,13.39,50.93,Podman,systemd
103.05,0.14,13.43,50.93,Podman,systemd
103.79,0.15,13.47,59.72,Podman,systemd
102.88,0.15,13.49,59.72,Podman,systemd
103.62,0.16,13.53,59.72,Podman,systemd
102.78,0.16,13.87,66.37,Podman,systemd
103.35,0.17,13.98,66.37,Podman,systemd
102.23,0.17,13.99,66.49,Podman,systemd
86.23,0.18,14.03,74.51,Podman,systemd
103.21,0.18,14.06,74.51,Podman,systemd
103.11,0.19,14.12,74.55,Podman,systemd
102.77,0.19,14.14,74.56,Podman,systemd
101.59,0.19,15.05,82.56,Podman,systemd
101.57,0.2,16.34,98.22,Podman,systemd
97.31,0.2,19.36,103.3,Podman,systemd
101.52,0.2,21.05,137.5,Podman,systemd
103.38,0.22,21.06,147.7,Podman,systemd
103.08,0.24,21.06,156.9,Podman,systemd
102.68,0.25,21.71,163.8,Podman,systemd
102.14,0.25,21.71,171.3,Podman,systemd
103.25,0.26,21.74,171.3,Podman,systemd
102.58,0.26,22.09,176.8,Podman,systemd
103.26,0.26,22.11,181.4,Podman,systemd
103.22,0.27,22.12,181.5,Podman,systemd
103.73,0.27,22.12,187.9,Podman,systemd
101.85,0.28,22.16,188.0,Podman,systemd
103.41,0.28,22.16,191.2,Podman,systemd
103.12,0.29,22.31,198.7,Podman,systemd
101.72,0.29,22.54,198.7,Podman,systemd
102.91,0.3,22.54,211.3,Podman,systemd
102.59,0.31,22.75,211.4,Podman,systemd
102.09,0.32,28.73,231.9,Podman,systemd
99.68,0.33,33.03,271.0,Podman,systemd
103.29,0.33,33.1,293.3,Podman,systemd
103.43,0.35,33.1,305.9,Podman,systemd
103.44,0.36,33.12,315.4,Podman,systemd
102.42,0.37,33.12,315.5,Podman,systemd
103.32,0.38,33.12,324.7,Podman,systemd
102.84,0.38,33.14,329.3,Podman,systemd
102.49,12.45,33.14,329.4,Podman,systemd
103.02,0.4,33.14,329.5,Podman,systemd
103.94,0.4,33.14,338.6,Podman,systemd
103.24,0.41,33.16,338.7,Podman,systemd
103.21,0.42,33.16,349.1,Podman,systemd
102.14,0.43,33.17,349.2,Podman,systemd
103.61,0.43,33.17,359.9,Podman,systemd
99.52,0.44,33.18,360.2,Podman,systemd
103.28,0.45,33.19,367.8,Podman,systemd
103.5,0.46,33.2,367.8,Podman,systemd
103.37,0.46,33.2,381.2,Podman,systemd
102.44,0.47,33.21,385.8,Podman,systemd
102.88,0.48,33.22,385.8,Podman,systemd
102.19,0.49,34.5,392.1,Podman,systemd
97.4,0.5,46.83,412.6,Podman,systemd
93.6,0.5,47.65,412.6,Podman,systemd
97.46,0.5,47.87,479.9,Podman,systemd
103.25,0.52,49.15,494.8,Podman,systemd
102.01,0.53,49.16,494.9,Podman,systemd
102.96,0.54,49.16,505.4,Podman,systemd
102.34,0.54,49.16,505.6,Podman,systemd
103.49,0.56,49.16,516.3,Podman,systemd
103.49,0.57,49.16,524.1,Podman,systemd
101.35,0.58,49.16,524.2,Podman,systemd
102.9,0.59,49.31,531.8,Podman,systemd
103.29,0.59,49.31,531.9,Podman,systemd
102.89,0.6,49.32,538.8,Podman,systemd
102.89,0.6,49.33,541.3,Podman,systemd
102.64,0.61,49.36,544.3,Podman,systemd
102.14,0.61,49.36,551.6,Podman,systemd
102.29,0.62,49.36,551.9,Podman,systemd
103.37,0.63,49.44,560.7,Podman,systemd
103.12,0.64,49.46,570.9,Podman,systemd
103.32,0.65,49.49,575.6,Podman,systemd
102.92,0.66,50.0,575.6,Podman,systemd
102.82,0.67,50.02,585.6,Podman,systemd
102.87,0.68,50.03,585.6,Podman,systemd
102.87,0.68,50.04,593.0,Podman,systemd
102.0,0.69,50.07,597.4,Podman,systemd
102.67,0.7,50.08,597.4,Podman,systemd
103.05,0.7,50.13,607.4,Podman,systemd
102.41,0.71,50.15,621.1,Podman,systemd
95.83,0.71,119.0,649.7,Podman,systemd
80.19,0.71,120.7,673.5,Podman,systemd
92.1,0.71,123.9,693.8,Podman,systemd
96.34,0.71,126.8,727.1,Podman,systemd
101.74,0.71,127.3,756.1,Podman,systemd
103.83,0.72,127.3,758.0,Podman,systemd
102.68,0.72,127.3,758.2,Podman,systemd
103.82,0.73,127.3,767.1,Podman,systemd
95.53,0.74,127.3,778.6,Podman,systemd
102.79,0.74,127.3,781.2,Podman,systemd
102.89,0.76,127.4,789.9,Podman,systemd
100.04,0.77,127.4,796.2,Podman,systemd
102.78,0.78,127.4,800.9,Podman,systemd
102.37,0.78,127.4,815.0,Podman,systemd
102.37,0.79,128.1,815.0,Podman,systemd
103.66,0.8,128.2,815.0,Podman,systemd
103.35,0.8,128.2,824.6,Podman,systemd
103.9,0.82,128.2,843.5,Podman,systemd
102.35,0.83,128.2,854.3,Podman,systemd
102.32,0.83,128.3,854.3,Podman,systemd
103.46,0.84,128.7,854.3,Podman,systemd
103.63,0.84,128.7,869.0,Podman,systemd
101.57,0.85,128.7,879.4,Podman,systemd
102.28,0.85,128.8,891.6,Podman,systemd
103.5,0.86,128.9,891.6,Podman,systemd
101.54,0.86,128.9,902.0,Podman,systemd
102.56,0.87,129.1,902.0,Podman,systemd
101.73,0.87,129.14,911.3,Podman,systemd
102.67,0.88,130.4,920.0,Podman,systemd
103.77,0.88,130.4,920.0,Podman,systemd
102.95,0.89,130.4,928.9,Podman,systemd
102.03,0.89,130.4,932.2,Podman,systemd
101.78,0.9,130.5,937.7,Podman,systemd
101.8,0.9,130.5,951.6,Podman,systemd
102.84,0.91,130.5,955.5,Podman,systemd
102.81,0.92,130.5,963.4,Podman,systemd
103.1,0.93,130.5,974.0,Podman,systemd
103.07,0.93,130.5,974.1,Podman,systemd
102.67,0.93,130.5,980.9,Podman,systemd
102.06,0.94,131.1,981.4,Podman,systemd
92.35,0.94,131.4,981.4,Podman,systemd
103.17,0.94,131.6,995.3,Podman,systemd
103.62,0.95,131.7,995.3,Podman,systemd
102.5,0.95,133.4,995.3,Podman,systemd
101.43,0.96,133.7,1030.144,Podman,systemd
99.83,0.97,203.7,1053.696,Podman,systemd
94.08,0.97,214.8,1089.536,Podman,systemd
95.16,0.96,216.5,1090.56,Podman,systemd
96.55,0.96,218.5,1119.232,Podman,systemd
103.36,0.08,11.23,0.08,Podman,cgroupfs
99.94,0.11,13.22,20.76,Podman,cgroupfs
102.87,0.11,13.28,20.76,Podman,cgroupfs
103.66,0.12,13.28,40.17,Podman,cgroupfs
102.01,0.14,13.3,50.76,Podman,cgroupfs
101.95,0.15,13.31,50.76,Podman,cgroupfs
101.7,0.16,13.31,61.33,Podman,cgroupfs
103.63,0.16,13.45,61.33,Podman,cgroupfs
103.36,0.17,13.46,61.33,Podman,cgroupfs
102.89,0.18,13.46,72.81,Podman,cgroupfs
102.07,0.18,13.48,82.65,Podman,cgroupfs
103.12,0.19,13.49,82.65,Podman,cgroupfs
102.41,0.19,13.49,87.76,Podman,cgroupfs
102.57,0.2,14.11,90.97,Podman,cgroupfs
101.37,0.2,14.75,134.7,Podman,cgroupfs
98.23,0.2,17.74,134.7,Podman,cgroupfs
103.4,0.21,17.97,134.7,Podman,cgroupfs
103.01,0.22,17.97,172.2,Podman,cgroupfs
103.01,0.22,17.97,174.7,Podman,cgroupfs
102.78,0.23,17.97,184.5,Podman,cgroupfs
102.1,0.24,17.97,190.3,Podman,cgroupfs
103.51,0.24,17.97,190.3,Podman,cgroupfs
103.61,0.25,17.97,198.3,Podman,cgroupfs
102.88,0.26,17.97,198.3,Podman,cgroupfs
103.49,0.26,17.97,204.8,Podman,cgroupfs
103.15,0.27,17.98,204.8,Podman,cgroupfs
103.07,0.28,17.98,214.3,Podman,cgroupfs
103.53,0.29,17.99,218.8,Podman,cgroupfs
102.87,0.3,18.0,223.2,Podman,cgroupfs
104.59,0.3,18.0,223.2,Podman,cgroupfs
101.73,0.31,18.01,223.2,Podman,cgroupfs
103.12,0.31,18.02,223.3,Podman,cgroupfs
103.33,0.32,18.02,229.9,Podman,cgroupfs
101.02,0.32,18.03,229.9,Podman,cgroupfs
103.22,0.33,18.04,238.1,Podman,cgroupfs
96.87,0.33,25.53,258.5,Podman,cgroupfs
98.67,0.33,25.72,279.7,Podman,cgroupfs
103.72,0.34,25.72,281.0,Podman,cgroupfs
102.85,0.34,25.74,317.0,Podman,cgroupfs
103.12,0.35,25.74,318.9,Podman,cgroupfs
102.5,0.37,25.74,336.4,Podman,cgroupfs
103.25,0.39,25.74,342.6,Podman,cgroupfs
103.17,0.39,25.74,344.4,Podman,cgroupfs
101.6,0.4,25.75,344.5,Podman,cgroupfs
103.11,0.41,25.75,344.6,Podman,cgroupfs
103.16,0.41,25.75,354.8,Podman,cgroupfs
99.69,0.41,25.75,355.3,Podman,cgroupfs
102.2,0.42,25.75,361.7,Podman,cgroupfs
103.09,0.44,25.76,369.3,Podman,cgroupfs
103.79,0.45,25.8,376.1,Podman,cgroupfs
102.92,0.46,25.8,378.7,Podman,cgroupfs
102.44,0.47,25.81,382.9,Podman,cgroupfs
101.28,0.48,25.82,394.1,Podman,cgroupfs
102.9,0.48,25.85,395.4,Podman,cgroupfs
101.78,0.49,25.92,408.1,Podman,cgroupfs
100.46,0.49,26.23,408.1,Podman,cgroupfs
102.07,0.5,27.12,421.1,Podman,cgroupfs
99.19,0.51,71.34,448.9,Podman,cgroupfs
95.17,0.51,78.22,483.5,Podman,cgroupfs
72.38,0.51,83.86,483.5,Podman,cgroupfs
93.87,0.51,85.66,534.8,Podman,cgroupfs
101.23,0.53,85.7,545.5,Podman,cgroupfs
102.95,0.53,85.71,548.4,Podman,cgroupfs
101.78,0.54,85.71,558.5,Podman,cgroupfs
104.34,0.55,85.72,558.6,Podman,cgroupfs
103.52,0.56,85.72,570.3,Podman,cgroupfs
102.92,0.57,86.33,579.5,Podman,cgroupfs
103.92,0.57,86.33,582.3,Podman,cgroupfs
101.39,0.58,86.34,587.2,Podman,cgroupfs
103.69,0.59,86.62,594.7,Podman,cgroupfs
100.84,0.59,86.77,599.2,Podman,cgroupfs
102.43,0.6,86.79,604.8,Podman,cgroupfs
99.1,0.62,86.86,615.5,Podman,cgroupfs
94.67,0.62,86.96,623.3,Podman,cgroupfs
97.22,0.62,86.97,632.4,Podman,cgroupfs
95.29,0.63,87.29,639.2,Podman,cgroupfs
76.69,0.62,87.65,651.6,Podman,cgroupfs
92.68,0.62,88.11,667.6,Podman,cgroupfs
98.64,0.63,88.21,674.5,Podman,cgroupfs
103.88,0.64,88.41,683.1,Podman,cgroupfs
103.39,0.66,89.98,702.7,Podman,cgroupfs
102.31,0.66,90.0,711.0,Podman,cgroupfs
102.83,0.67,90.29,711.0,Podman,cgroupfs
102.47,0.68,92.25,711.0,Podman,cgroupfs
103.51,0.69,92.28,725.8,Podman,cgroupfs
103.05,0.69,92.31,725.8,Podman,cgroupfs
103.36,0.7,92.32,735.1,Podman,cgroupfs
104.42,0.71,92.35,746.5,Podman,cgroupfs
101.23,0.71,134.2,767.0,Podman,cgroupfs
96.69,0.71,141.5,816.6,Podman,cgroupfs
97.6,0.71,142.4,816.6,Podman,cgroupfs
88.83,0.71,153.0,831.9,Podman,cgroupfs
102.92,0.72,153.0,896.3,Podman,cgroupfs
99.42,0.72,153.0,906.6,Podman,cgroupfs
101.54,0.73,153.0,910.2,Podman,cgroupfs
104.04,0.74,153.0,916.6,Podman,cgroupfs
103.53,0.75,153.0,921.0,Podman,cgroupfs
103.1,0.77,153.0,929.5,Podman,cgroupfs
103.19,0.78,153.0,942.8,Podman,cgroupfs
100.05,0.79,153.1,951.4,Podman,cgroupfs
103.27,0.8,153.1,956.3,Podman,cgroupfs
104.54,0.8,153.6,956.3,Podman,cgroupfs
104.21,0.81,153.6,970.6,Podman,cgroupfs
103.33,0.82,153.7,980.1,Podman,cgroupfs
103.36,0.83,153.7,992.5,Podman,cgroupfs
102.15,0.84,153.8,1028.096,Podman,cgroupfs
63.47,0.84,155.9,1044.48,Podman,cgroupfs
103.71,0.85,156.6,1044.48,Podman,cgroupfs
103.28,0.85,156.7,1057.792,Podman,cgroupfs
103.05,0.85,156.8,1068.032,Podman,cgroupfs
103.39,0.86,157.0,1086.464,Podman,cgroupfs
103.43,0.87,157.4,1089.536,Podman,cgroupfs
102.84,0.87,157.5,1103.872,Podman,cgroupfs
104.35,0.88,157.9,1111.04,Podman,cgroupfs
103.0,0.88,159.1,1124.352,Podman,cgroupfs
102.89,0.89,159.2,1129.472,Podman,cgroupfs
103.77,0.89,159.3,1134.592,Podman,cgroupfs
103.46,0.9,159.3,1147.904,Podman,cgroupfs
104.07,0.9,159.3,1152.0,Podman,cgroupfs
98.04,0.91,159.4,1164.288,Podman,cgroupfs
101.54,0.91,159.9,1170.432,Podman,cgroupfs
102.3,0.92,160.0,1179.648,Podman,cgroupfs
101.66,0.92,160.1,1190.912,Podman,cgroupfs
101.48,0.93,160.1,1200.128,Podman,cgroupfs
101.66,0.93,160.8,1210.368,Podman,cgroupfs
101.56,0.93,160.8,1218.56,Podman,cgroupfs
103.12,0.94,160.8,1230.848,Podman,cgroupfs
102.4,0.95,160.9,1245.184,Podman,cgroupfs
103.73,0.95,160.9,1257.472,Podman,cgroupfs
103.69,0.96,162.4,1261.568,Podman,cgroupfs
102.55,0.96,162.8,1273.856,Podman,cgroupfs
86.03,0.97,162.9,1283.072,Podman,cgroupfs
103.16,0.98,163.6,1295.36,Podman,cgroupfs
95.3,0.97,258.7,1341.44,Podman,cgroupfs
97.2,0.97,269.7,1348.608,Podman,cgroupfs
97.19,0.97,284.4,1404.928,Podman,cgroupfs
